Workbook

Sheet README
A1: Azure Data Engineering Practice Workbook
A3: Sheet | B3: Rows | C3: Purpose
A4: Customers | B4: 50 | C4: Dimension table (SCD / joins / masking PII practice)
A5: Products | B5: 10 | C5: Dimension table (lookup / broadcast join)
A6: Orders | B6: 200 | C6: Fact table (aggregations, partitioning by date, window functions)
A8: Suggested exercises
A9: 1. Upload to ADLS Gen2 (raw/ container) and ingest with ADF Copy Activity.
A10: 2. Convert each sheet to CSV/Parquet; build Bronze -> Silver -> Gold in Databricks.
A11: 3. Join Orders + Customers + Products; compute revenue by State, Category, Month.
A12: 4. Clean: drop Cancelled orders, mask Email, handle nulls, dedupe.
A13: 5. Load Gold tables into Synapse / Azure SQL and connect Power BI.
A15: Note: Orders.UnitPrice_INR and TotalAmount_INR are Excel formulas. Synthetic data, seed=42.

Sheet Customers
A1: CustomerID | B1: CustomerName | C1: Email | D1: City | E1: State | F1: Segment | G1: SignupDate
A2: C0001 | B2: Aarav Iyer | C2: aarav.iyer1@example.com | D2: Delhi | E2: Delhi | F2: Retail | G2: 44790
A3: C0002 | B3: Neha Patel | C3: neha.patel2@example.com | D3: Bengaluru | E3: Karnataka | F3: SMB | G3: 45320
A4: C0003 | B4: Divya Nair | C4: divya.nair3@example.com | D4: Delhi | E4: Delhi | F4: Retail | G4: 44592
A5: C0004 | B5: Ananya Reddy | C5: ananya.reddy4@example.com | D5: Delhi | E5: Delhi | F5: SMB | G5: 45178
A6: C0005 | B6: Arjun Reddy | C6: arjun.reddy5@example.com | D6: Mumbai | E6: Maharashtra | F6: SMB | G6: 45227
A7: C0006 | B7: Ananya Das | C7: ananya.das6@example.com | D7: Kolkata | E7: West Bengal | F7: SMB | G7: 44846
A8: C0007 | B8: Sanjay Singh | C8: sanjay.singh7@example.com | D8: Mumbai | E8: Maharashtra | F8: SMB | G8: 44994
A9: C0008 | B9: Vikram Singh | C9: vikram.singh8@example.com | D9: Pune | E9: Maharashtra | F9: Retail | G9: 45343
A10: C0009 | B10: Priya Patel | C10: priya.patel9@example.com | D10: Pune | E10: Maharashtra | F10: Corporate | G10: 44661
A11: C0010 | B11: Pooja Gupta | C11: pooja.gupta10@example.com | D11: Pune | E11: Maharashtra | F11: SMB | G11: 44832
A12: C0011 | B12: Neha Das | C12: neha.das11@example.com | D12: Mumbai | E12: Maharashtra | F12: SMB | G12: 44689
A13: C0012 | B13: Priya Mehta | C13: priya.mehta12@example.com | D13: Kolkata | E13: West Bengal | F13: Corporate | G13: 45411
... A51: C0050 | B51: Priya Nair | C51: priya.nair50@example.com | D51: Delhi | E51: Delhi | F51: Corporate | G51: 44995

Sheet Products
A1: ProductID | B1: ProductName | C1: Category | D1: UnitPrice_INR
A2: P001 | B2: Laptop | C2: Electronics | D2: 55000
A3: P002 | B3: Smartphone | C3: Electronics | D3: 22000
A4: P003 | B4: Headphones | C4: Accessories | D4: 2500
A5: P004 | B5: Monitor | C5: Electronics | D5: 12000
A6: P005 | B6: Keyboard | C6: Accessories | D6: 1500
A7: P006 | B7: Mouse | C7: Accessories | D7: 800
A8: P007 | B8: Tablet | C8: Electronics | D8: 28000
A9: P008 | B9: Webcam | C9: Accessories | D9: 3200
A10: P009 | B10: Printer | C10: Office | D10: 9500
A11: P010 | B11: Router | C11: Networking | D11: 3500

Sheet Orders
A1: OrderID | B1: OrderDate | C1: CustomerID | D1: ProductID | E1: Quantity | F1: UnitPrice_INR | G1: DiscountPct | H1: TotalAmount_INR | I1: PaymentMethod | J1: Status
A2: O00001 | B2: 45712 | C2: C0030 | D2: P001 | E2: 1 | F2: =INDEX(Products!$D$2:$D$11,MATCH(D2,Products!$A$2:$A$11,0)) -> 55000 | G2: 0 | H2: =E2*F2*(1-G2) -> 55000 | I2: Net Banking | J2: Shipped
A3: O00002 | B3: 45403 | C3: C0016 | D3: P004 | E3: 2 | F3: =INDEX(Products!$D$2:$D$11,MATCH(D3,Products!$A$2:$A$11,0)) -> 12000 | G3: 0.15 | H3: =E3*F3*(1-G3) -> 20400 | I3: Net Banking | J3: Delivered
A4: O00003 | B4: 45479 | C4: C0018 | D4: P008 | E4: 2 | F4: =INDEX(Products!$D$2:$D$11,MATCH(D4,Products!$A$2:$A$11,0)) -> 3200 | G4: 0 | H4: =E4*F4*(1-G4) -> 6400 | I4: Net Banking | J4: Shipped
A5: O00004 | B5: 45855 | C5: C0007 | D5: P001 | E5: 5 | F5: =INDEX(Products!$D$2:$D$11,MATCH(D5,Products!$A$2:$A$11,0)) -> 55000 | G5: 0 | H5: =E5*F5*(1-G5) -> 275000 | I5: UPI | J5: Cancelled
A6: O00005 | B6: 45534 | C6: C0011 | D6: P007 | E6: 4 | F6: =INDEX(Products!$D$2:$D$11,MATCH(D6,Products!$A$2:$A$11,0)) -> 28000 | G6: 0.1 | H6: =E6*F6*(1-G6) -> 100800 | I6: Credit Card | J6: Cancelled
A7: O00006 | B7: 45352 | C7: C0011 | D7: P007 | E7: 1 | F7: =INDEX(Products!$D$2:$D$11,MATCH(D7,Products!$A$2:$A$11,0)) -> 28000 | G7: 0.1 | H7: =E7*F7*(1-G7) -> 25200 | I7: Debit Card | J7: Cancelled
A8: O00007 | B8: 45757 | C8: C0019 | D8: P007 | E8: 5 | F8: =INDEX(Products!$D$2:$D$11,MATCH(D8,Products!$A$2:$A$11,0)) -> 28000 | G8: 0.1 | H8: =E8*F8*(1-G8) -> 126000 | I8: Credit Card | J8: Delivered
A9: O00008 | B9: 45514 | C9: C0004 | D9: P010 | E9: 5 | F9: =INDEX(Products!$D$2:$D$11,MATCH(D9,Products!$A$2:$A$11,0)) -> 3500 | G9: 0 | H9: =E9*F9*(1-G9) -> 17500 | I9: Debit Card | J9: Delivered
A10: O00009 | B10: 45890 | C10: C0031 | D10: P009 | E10: 5 | F10: =INDEX(Products!$D$2:$D$11,MATCH(D10,Products!$A$2:$A$11,0)) -> 9500 | G10: 0 | H10: =E10*F10*(1-G10) -> 47500 | I10: UPI | J10: Returned
A11: O00010 | B11: 45374 | C11: C0012 | D11: P002 | E11: 5 | F11: =INDEX(Products!$D$2:$D$11,MATCH(D11,Products!$A$2:$A$11,0)) -> 22000 | G11: 0 | H11: =E11*F11*(1-G11) -> 110000 | I11: Credit Card | J11: Delivered
A12: O00011 | B12: 45875 | C12: C0016 | D12: P010 | E12: 5 | F12: =INDEX(Products!$D$2:$D$11,MATCH(D12,Products!$A$2:$A$11,0)) -> 3500 | G12: 0 | H12: =E12*F12*(1-G12) -> 17500 | I12: COD | J12: Delivered
A13: O00012 | B13: 45889 | C13: C0037 | D13: P009 | E13: 3 | F13: =INDEX(Products!$D$2:$D$11,MATCH(D13,Products!$A$2:$A$11,0)) -> 9500 | G13: 0.05 | H13: =E13*F13*(1-G13) -> 27075 | I13: Credit Card | J13: Delivered
... A201: O00200 | B201: 45663 | C201: C0020 | D201: P003 | E201: 2 | F201: =INDEX(Products!$D$2:$D$11,MATCH(D201,Products!$A$2:$A$11,0)) -> 2500 | G201: 0.05 | H201: =E201*F201*(1-G201) -> 4750 | I201: Net Banking | J201: Delivered
